Window_Idx,Phase,Workload_Type,Selected_Scheduler,Correct,Confidence,Factors,Explanation
0,0,sequential,SSTF,True,0.99,Tight Spatial Clustering; Head-to-Cluster Proximity,"Requests are tightly clustered in cylinder space (span=21.1%, normalized var=0.017), minimizing greedy nearest-neighbor seek penalties. The current head (at cylinder 50) is situated close to the request cluster centroid."
1,0,sequential,SSTF,True,0.962,Tight Spatial Clustering; Head-to-Cluster Proximity,"Requests are tightly clustered in cylinder space (span=15.1%, normalized var=0.009), minimizing greedy nearest-neighbor seek penalties. The current head (at cylinder 106) is situated close to the request cluster centroid."
2,0,sequential,SSTF,True,0.99,Tight Spatial Clustering; Head-to-Cluster Proximity,"Requests are tightly clustered in cylinder space (span=13.6%, normalized var=0.008), minimizing greedy nearest-neighbor seek penalties. The current head (at cylinder 140) is situated close to the request cluster centroid."
3,0,sequential,SSTF,True,0.988,Tight Spatial Clustering; Head-to-Cluster Proximity,"Requests are tightly clustered in cylinder space (span=13.1%, normalized var=0.005), minimizing greedy nearest-neighbor seek penalties. The current head (at cylinder 171) is situated close to the request cluster centroid."
4,0,sequential,SSTF,True,0.939,Tight Spatial Clustering; Head-to-Cluster Proximity,"Requests are tightly clustered in cylinder space (span=13.6%, normalized var=0.007), minimizing greedy nearest-neighbor seek penalties. The current head (at cylinder 199) is situated close to the request cluster centroid."
5,0,sequential,SSTF,True,0.958,Tight Spatial Clustering; Head-to-Cluster Proximity,"Requests are tightly clustered in cylinder space (span=18.6%, normalized var=0.010), minimizing greedy nearest-neighbor seek penalties. The current head (at cylinder 157) is situated close to the request cluster centroid."
6,0,sequential,SSTF,True,0.96,Tight Spatial Clustering; Head-to-Cluster Proximity,"Requests are tightly clustered in cylinder space (span=18.1%, normalized var=0.011), minimizing greedy nearest-neighbor seek penalties. The current head (at cylinder 116) is situated close to the request cluster centroid."
7,0,sequential,SSTF,True,0.983,Tight Spatial Clustering; Head-to-Cluster Proximity,"Requests are tightly clustered in cylinder space (span=20.1%, normalized var=0.013), minimizing greedy nearest-neighbor seek penalties. The current head (at cylinder 78) is situated close to the request cluster centroid."
8,0,sequential,SSTF,True,0.939,Tight Spatial Clustering; Head-to-Cluster Proximity,"Requests are tightly clustered in cylinder space (span=16.1%, normalized var=0.012), minimizing greedy nearest-neighbor seek penalties. The current head (at cylinder 34) is situated close to the request cluster centroid."
9,0,sequential,SSTF,True,0.96,Tight Spatial Clustering; Head-to-Cluster Proximity,"Requests are tightly clustered in cylinder space (span=15.1%, normalized var=0.009), minimizing greedy nearest-neighbor seek penalties. The current head (at cylinder 0) is situated close to the request cluster centroid."
10,0,sequential,SSTF,True,0.99,Tight Spatial Clustering; Head-to-Cluster Proximity,"Requests are tightly clustered in cylinder space (span=17.6%, normalized var=0.013), minimizing greedy nearest-neighbor seek penalties. The current head (at cylinder 35) is situated close to the request cluster centroid."
11,0,sequential,SSTF,True,0.936,Tight Spatial Clustering; Head-to-Cluster Proximity,"Requests are tightly clustered in cylinder space (span=17.6%, normalized var=0.012), minimizing greedy nearest-neighbor seek penalties. The current head (at cylinder 74) is situated close to the request cluster centroid."
12,0,sequential,SSTF,True,0.99,Tight Spatial Clustering; Head-to-Cluster Proximity,"Requests are tightly clustered in cylinder space (span=18.6%, normalized var=0.016), minimizing greedy nearest-neighbor seek penalties. The current head (at cylinder 109) is situated close to the request cluster centroid."
13,0,sequential,SSTF,True,0.99,Tight Spatial Clustering; Head-to-Cluster Proximity,"Requests are tightly clustered in cylinder space (span=19.6%, normalized var=0.015), minimizing greedy nearest-neighbor seek penalties. The current head (at cylinder 147) is situated close to the request cluster centroid."
14,0,sequential,SSTF,False,0.782,Tight Spatial Clustering; Head-to-Cluster Proximity,"Requests are tightly clustered in cylinder space (span=14.1%, normalized var=0.007), minimizing greedy nearest-neighbor seek penalties. The current head (at cylinder 189) is situated close to the request cluster centroid."
15,0,sequential,SSTF,True,0.941,Tight Spatial Clustering; Head-to-Cluster Proximity,"Requests are tightly clustered in cylinder space (span=17.1%, normalized var=0.010), minimizing greedy nearest-neighbor seek penalties. The current head (at cylinder 171) is situated close to the request cluster centroid."
16,0,sequential,SSTF,False,0.956,Tight Spatial Clustering; Head-to-Cluster Proximity,"Requests are tightly clustered in cylinder space (span=54.3%, normalized var=0.068), minimizing greedy nearest-neighbor seek penalties. The current head (at cylinder 135) is situated close to the request cluster centroid."
17,1,random,SSTF,True,0.806,Local Proximity Minimization,Greedy nearest-request dispatch yields the shortest local trajectory across the pending queue.
18,1,random,SSTF,False,0.597,Local Proximity Minimization,Greedy nearest-request dispatch yields the shortest local trajectory across the pending queue.
19,1,random,SSTF,True,0.792,Local Proximity Minimization,Greedy nearest-request dispatch yields the shortest local trajectory across the pending queue.
20,1,random,SSTF,True,0.81,Local Proximity Minimization,Greedy nearest-request dispatch yields the shortest local trajectory across the pending queue.
21,1,random,SSTF,True,0.754,Local Proximity Minimization,Greedy nearest-request dispatch yields the shortest local trajectory across the pending queue.
22,1,random,SSTF,True,0.719,Local Proximity Minimization,Greedy nearest-request dispatch yields the shortest local trajectory across the pending queue.
23,1,random,SSTF,True,0.74,Local Proximity Minimization,Greedy nearest-request dispatch yields the shortest local trajectory across the pending queue.
24,1,random,SSTF,True,0.681,Local Proximity Minimization,Greedy nearest-request dispatch yields the shortest local trajectory across the pending queue.
25,1,random,SSTF,True,0.738,Local Proximity Minimization,Greedy nearest-request dispatch yields the shortest local trajectory across the pending queue.
26,1,random,SSTF,True,0.788,Local Proximity Minimization,Greedy nearest-request dispatch yields the shortest local trajectory across the pending queue.
27,1,random,SSTF,True,0.705,Local Proximity Minimization,Greedy nearest-request dispatch yields the shortest local trajectory across the pending queue.
28,1,random,SSTF,True,0.687,Local Proximity Minimization,Greedy nearest-request dispatch yields the shortest local trajectory across the pending queue.
29,1,random,SSTF,True,0.823,Local Proximity Minimization,Greedy nearest-request dispatch yields the shortest local trajectory across the pending queue.
30,1,random,SSTF,True,0.573,Local Proximity Minimization,Greedy nearest-request dispatch yields the shortest local trajectory across the pending queue.
31,1,random,SSTF,True,0.756,Local Proximity Minimization,Greedy nearest-request dispatch yields the shortest local trajectory across the pending queue.
32,1,random,SSTF,True,0.725,Local Proximity Minimization,Greedy nearest-request dispatch yields the shortest local trajectory across the pending queue.
33,1,random,SSTF,True,0.822,Local Proximity Minimization,Greedy nearest-request dispatch yields the shortest local trajectory across the pending queue.
34,2,bursty,SSTF,True,0.826,Local Proximity Minimization,Greedy nearest-request dispatch yields the shortest local trajectory across the pending queue.
35,2,bursty,SSTF,True,0.84,Local Proximity Minimization,Greedy nearest-request dispatch yields the shortest local trajectory across the pending queue.
36,2,bursty,SSTF,True,0.824,Local Proximity Minimization,Greedy nearest-request dispatch yields the shortest local trajectory across the pending queue.
37,2,bursty,SSTF,True,0.887,Tight Spatial Clustering; Head-to-Cluster Proximity,"Requests are tightly clustered in cylinder space (span=9.6%, normalized var=0.003), minimizing greedy nearest-neighbor seek penalties. The current head (at cylinder 28) is situated close to the request cluster centroid."
38,2,bursty,SSTF,True,0.962,Tight Spatial Clustering; Head-to-Cluster Proximity,"Requests are tightly clustered in cylinder space (span=8.0%, normalized var=0.003), minimizing greedy nearest-neighbor seek penalties. The current head (at cylinder 23) is situated close to the request cluster centroid."
39,2,bursty,SSTF,True,0.84,Tight Spatial Clustering; Head-to-Cluster Proximity,"Requests are tightly clustered in cylinder space (span=11.1%, normalized var=0.004), minimizing greedy nearest-neighbor seek penalties. The current head (at cylinder 42) is situated close to the request cluster centroid."
40,2,bursty,SSTF,True,0.944,Tight Spatial Clustering; Head-to-Cluster Proximity,"Requests are tightly clustered in cylinder space (span=70.3%, normalized var=0.110), minimizing greedy nearest-neighbor seek penalties. The current head (at cylinder 48) is situated close to the request cluster centroid."
41,2,bursty,SSTF,True,0.763,Tight Spatial Clustering,"Requests are tightly clustered in cylinder space (span=73.9%, normalized var=0.114), minimizing greedy nearest-neighbor seek penalties."
42,2,bursty,SSTF,True,0.99,Tight Spatial Clustering; Head-to-Cluster Proximity,"Requests are tightly clustered in cylinder space (span=11.1%, normalized var=0.004), minimizing greedy nearest-neighbor seek penalties. The current head (at cylinder 17) is situated close to the request cluster centroid."
43,2,bursty,SSTF,True,0.83,Local Proximity Minimization,Greedy nearest-request dispatch yields the shortest local trajectory across the pending queue.
44,2,bursty,SSTF,True,0.777,Tight Spatial Clustering; Head-to-Cluster Proximity,"Requests are tightly clustered in cylinder space (span=10.5%, normalized var=0.003), minimizing greedy nearest-neighbor seek penalties. The current head (at cylinder 169) is situated close to the request cluster centroid."
45,2,bursty,SSTF,True,0.791,Local Proximity Minimization,Greedy nearest-request dispatch yields the shortest local trajectory across the pending queue.
46,2,bursty,SSTF,True,0.842,Local Proximity Minimization,Greedy nearest-request dispatch yields the shortest local trajectory across the pending queue.
47,2,bursty,SSTF,True,0.818,Local Proximity Minimization,Greedy nearest-request dispatch yields the shortest local trajectory across the pending queue.
48,2,bursty,SSTF,True,0.919,Tight Spatial Clustering; Head-to-Cluster Proximity,"Requests are tightly clustered in cylinder space (span=8.0%, normalized var=0.002), minimizing greedy nearest-neighbor seek penalties. The current head (at cylinder 23) is situated close to the request cluster centroid."
49,2,bursty,SSTF,True,0.811,Local Proximity Minimization,Greedy nearest-request dispatch yields the shortest local trajectory across the pending queue.
50,3,mixed_shift,SSTF,True,0.796,Tight Spatial Clustering,"Requests are tightly clustered in cylinder space (span=15.6%, normalized var=0.010), minimizing greedy nearest-neighbor seek penalties."
51,3,mixed_shift,SSTF,True,0.759,Local Proximity Minimization,Greedy nearest-request dispatch yields the shortest local trajectory across the pending queue.
52,3,mixed_shift,SSTF,True,0.682,Head-to-Cluster Proximity,The current head (at cylinder 24) is situated close to the request cluster centroid.
53,3,mixed_shift,SSTF,True,0.746,Local Proximity Minimization,Greedy nearest-request dispatch yields the shortest local trajectory across the pending queue.
54,3,mixed_shift,SSTF,False,0.659,Local Proximity Minimization,Greedy nearest-request dispatch yields the shortest local trajectory across the pending queue.
55,3,mixed_shift,SSTF,True,0.987,Tight Spatial Clustering; Head-to-Cluster Proximity,"Requests are tightly clustered in cylinder space (span=39.2%, normalized var=0.104), minimizing greedy nearest-neighbor seek penalties. The current head (at cylinder 28) is situated close to the request cluster centroid."
56,3,mixed_shift,SSTF,True,0.765,Local Proximity Minimization,Greedy nearest-request dispatch yields the shortest local trajectory across the pending queue.
57,3,mixed_shift,SSTF,True,0.838,Tight Spatial Clustering,"Requests are tightly clustered in cylinder space (span=9.0%, normalized var=0.003), minimizing greedy nearest-neighbor seek penalties."
58,3,mixed_shift,SSTF,True,0.838,Tight Spatial Clustering,"Requests are tightly clustered in cylinder space (span=39.7%, normalized var=0.038), minimizing greedy nearest-neighbor seek penalties."
59,3,mixed_shift,SSTF,True,0.809,Local Proximity Minimization,Greedy nearest-request dispatch yields the shortest local trajectory across the pending queue.
60,3,mixed_shift,SSTF,True,0.768,Local Proximity Minimization,Greedy nearest-request dispatch yields the shortest local trajectory across the pending queue.
61,3,mixed_shift,SSTF,True,0.99,Tight Spatial Clustering; Head-to-Cluster Proximity,"Requests are tightly clustered in cylinder space (span=13.6%, normalized var=0.005), minimizing greedy nearest-neighbor seek penalties. The current head (at cylinder 4) is situated close to the request cluster centroid."
62,3,mixed_shift,SSTF,True,0.687,Local Proximity Minimization,Greedy nearest-request dispatch yields the shortest local trajectory across the pending queue.
63,3,mixed_shift,SSTF,True,0.695,Local Proximity Minimization,Greedy nearest-request dispatch yields the shortest local trajectory across the pending queue.
64,3,mixed_shift,SSTF,True,0.846,Tight Spatial Clustering,"Requests are tightly clustered in cylinder space (span=19.1%, normalized var=0.014), minimizing greedy nearest-neighbor seek penalties."
65,3,mixed_shift,SSTF,True,0.933,Tight Spatial Clustering; Head-to-Cluster Proximity,"Requests are tightly clustered in cylinder space (span=43.7%, normalized var=0.088), minimizing greedy nearest-neighbor seek penalties. The current head (at cylinder 105) is situated close to the request cluster centroid."
